{
    "images": [
    {
        "orientation": "portrait",
        "idiom": "iphone",
        "filename": "iphone4.png",
        "extent": "full-screen",
        "scale": "1x"
    },
    {
        "orientation": "portrait",
        "idiom": "iphone",
        "filename": "iphone5.png",
        "extent": "full-screen",
        "scale": "2x"
    },
    {
        "orientation": "portrait",
        "idiom": "iphone",
        "filename": "iphone5-1.png",
        "extent": "full-screen",
        "subtype": "retina4",
        "scale": "2x"
    },
    {
        "orientation": "portrait",
        "idiom": "ipad",
        "filename": "iphone4-1.png",
        "extent": "to-status-bar",
        "scale": "1x"
    },
    {
        "orientation": "portrait",
        "idiom": "ipad",
        "filename": "iphone4-2.png",
        "extent": "full-screen",
        "scale": "1x"
    },
    {
        "orientation": "landscape",
        "idiom": "ipad",
        "filename": "plus.PNG",
        "extent": "to-status-bar",
        "scale": "1x"
    },
    {
        "orientation": "landscape",
        "idiom": "ipad",
        "filename": "plus-2.PNG",
        "extent": "full-screen",
        "scale": "1x"
    },
    {
        "orientation": "portrait",
        "idiom": "ipad",
        "filename": "iphone5-2.png",
        "extent": "to-status-bar",
        "scale": "2x"
    },
    {
        "orientation": "portrait",
        "idiom": "ipad",
        "filename": "iphone5-3.png",
        "extent": "full-screen",
        "scale": "2x"
    },
    {
        "orientation": "landscape",
        "idiom": "ipad",
        "filename": "plus-1.PNG",
        "extent": "to-status-bar",
        "scale": "2x"
    },
    {
        "orientation": "landscape",
        "idiom": "ipad",
        "filename": "plus-3.PNG",
        "extent": "full-screen",
        "scale": "2x"
    },
    {
        "orientation": "landscape",
        "idiom": "ipad",
        "filename": "ipad-1.PNG",
        "extent": "full-screen",
        "scale": "2x"
    },
    {
        "extent": "full-screen",
        "idiom": "iphone",
        "subtype": "736h",
        "filename": "plus-4.PNG",
        "minimum-system-version": "8.0",
        "orientation": "portrait",
        "scale": "3x"
    },
    {
        "extent": "full-screen",
        "idiom": "iphone",
        "subtype": "736h",
        "filename": "plus-5.PNG",
        "minimum-system-version": "8.0",
        "orientation": "landscape",
        "scale": "3x"
    },
    {
        "extent": "full-screen",
        "idiom": "iphone",
        "subtype": "667h",
        "filename": "iphone6.png",
        "minimum-system-version": "8.0",
        "orientation": "portrait",
        "scale": "2x"
    },
    {
        "orientation": "portrait",
        "idiom": "iphone",
        "filename": "iphone5-4.png",
        "extent": "full-screen",
        "minimum-system-version": "7.0",
        "scale": "2x"
    },
    {
        "extent": "full-screen",
        "idiom": "iphone",
        "subtype": "retina4",
        "filename": "iphone5-5.png",
        "minimum-system-version": "7.0",
        "orientation": "portrait",
        "scale": "2x"
    },
    {
        "orientation": "portrait",
        "idiom": "ipad",
        "filename": "iphone6-1.png",
        "extent": "full-screen",
        "minimum-system-version": "7.0",
        "scale": "1x"
    },
    {
        "orientation": "landscape",
        "idiom": "ipad",
        "filename": "iphone6-2.png",
        "extent": "full-screen",
        "minimum-system-version": "7.0",
        "scale": "1x"
    },
    {
        "orientation": "portrait",
        "idiom": "ipad",
        "filename": "plus-6.PNG",
        "extent": "full-screen",
        "minimum-system-version": "7.0",
        "scale": "2x"
    },
    {
        "orientation": "landscape",
        "idiom": "ipad",
        "filename": "plus-7.PNG",
        "extent": "full-screen",
        "minimum-system-version": "7.0",
        "scale": "2x"
    }],
    "info":
    {
        "version": 1,
        "author": "xcode"
    }
}